{
  "state": null,
  "district": null,
  "block": null,
  "village": null,
  "lat": null,
  "lon": null,
  "sample_id": null,
  "collection_date": null,
  "ph": null,
  "ec_ds_m": null,
  "oc_percent": null,
  "available_n_kg_ha": null,
  "available_p_kg_ha": null,
  "available_k_kg_ha": null,
  "sulphur_ppm": null,
  "zn_ppm": null,
  "fe_ppm": null,
  "cu_ppm": null,
  "mn_ppm": null,
  "b_ppm": null,
  "n_class": null,
  "p_class": null,
  "k_class": null,
  "oc_class": null,
  "lab_name": null,
  "recommendation_notes": null,
  "oc_distribution_pct": { "low": null, "medium": null, "high": null },
  "n_class_pct": { "low": null, "medium": null, "high": null },
  "p_class_pct": { "low": null, "medium": null, "high": null },
  "k_class_pct": { "low": null, "medium": null, "high": null },
  "ph_summary": null,
  "last_checked": null
}
